"INDICATOR_CODE","INDICATOR_NAME","SOURCE_NOTE","SOURCE_ORGANIZATION",
"TX.VAL.TECH.MF.ZS","การส่งออกเทคโนโลยีขั้นสูง (คิดเป็น % ของสินค้าส่งออกที่ผลิตขึ้น)","การส่งออกเทคโนโลยีขั้นสูง คือ การส่งออกผลิตภัณฑ์ที่มีการใช้การวิจัยและพัฒนาขั้นสูง เช่น การบินและอวกาศ คอมพิวเตอร์ เวชภัณฑ์ เครื่องมือทางวิทยาศาสตร์ และอุปกรณ์ไฟฟ้า","ฐานข้อมูล Comtrade แห่งสหประชาชาติ",
"TT.PRI.MRCH.XD.WD","ดัชนีเงื่อนไขการแลกเปลี่ยนสินค้า (2000 = 100)","การแลกเปลี่ยนสินค้าสุทธิของดัชนีการค้าถูกคำนวณเป็นอัตราส่วนร้อยละของดัชนีราคาสินค้าส่งออก ต่อดัชนีราคาสินค้านำเข้า โดยเทียบกับฐานปี 2000 ดัชนีราคาสินค้าขึ้นอยู่กับข้อมูลที่ได้รับการรายงานจากหลายประเทศที่แสดงถึงความสม่ำเสมอ ภายใต้การควบคุมคุณภาพขององค์การอังค์ถัด และเสริมด้วยการประมาณการขององค์การอังค์ถัด โดยการใช้มูลค่าการค้าในปีที่แล้วของมาตรฐานการค้าระหว่างประเทศ (Standard International Trade Classification) เป็นค่าถ่วงน้ำหนัก เพื่อปรับปรุงการคุ้มครองข้อมูลให้ดีขึ้น โดยเฉพาะอย่างยิ่งในรอบระยะเวลาล่าสุดนี้ องค์การอังค์ถัดได้สร้างชุดดัชนีราคาเฉลี่ยขึ้นมาสำหรับการจำแนกประเภทสินค้าเป็นตัวเลขสามหลักตามมาตรฐานการค้าระหว่างประเทศ ฉบับแก้ไขครั้งที่ 3 โดยใช้สถิติราคาสินค้าโภคภัณฑ์ขององค์การอังค์ถัดและแหล่งข้อมูลแห่งชาติ รวมถึงการประมาณและการคำนวณดัชนีราคาสินค้าในระดับประเทศของเลขาธิการของอังค์ถัด โดยใช้มูลค่าการค่าของปีปัจจุบันเป็นค่าถ่วงน้ำหนัก","คู่มือว่าด้วยสถิติและไฟล์ข้อมูล การประชุมสหประชาชาติว่าด้วยการค้าและการพัฒนา และสถิติการเงินระหว่างประเทศของกองทุนการเงินระหว่างประเทศ",
"TG.VAL.TOTL.GD.ZS","การค้าสินค้า (คิดเป็น % ของจีดีพี)","การค้าสินค้าในฐานะที่เป็นส่วนหนึ่งของจีดีพี คือ ผลรวมของการส่งออกและการนำเข้าสินค้า ที่ถูกหารด้วยมูลค่าของจีดีพี โดยทั้งหมดคิดเป็นหน่วยเงินยูเอสดอลล่าร์ปัจจุบัน","การประมาณการค่าจีดีพีขององค์การการค้าโลกและของธนาคารโลก",
"SP.POP.TOTL","จำนวนประชากรทั้งหมด","จำนวนประชากรทั้งหมด ขึ้นอยู่กับ คำนิยามของประชากรอย่างแท้จริง ซึ่งนับรวมคนที่พำนักอาศัยทั้งหมด ไม่ว่าจะมีสถานะทางกฎหมายอย่างไร หรือเป็นพลเมืองหรือไม่ ยกเว้นผู้ลี้ภัยที่ไม่ได้พำนักอาศัยอยู่ในประเทศที่มีแคมป์ผู้ลี้ภัยนั้น ๆ อย่างถาวร ซึ่งโดยทั่วไปแล้วผู้ลี้ภัยเหล่านี้จะถือว่าเป็นส่วนหนึ่งของประชากรในประเทศต้นกำเนิดของตนเอง ค่าที่แสดงนี้เป็นการประมาณการตอนกลางปี","(1) รายงานสำมะโนประชากรโลกของกองประชากรสหประชาชาติ (2) รายงานสถิติชีพและประชากร (หลายปี) กองสถิติแห่งสหประชาชาติ (3) รายงานการสำรวจสำมะโนประชากรและสิ่งพิมพ์อื่น ๆ ทางสถิติจากสำนักงานสถิติแห่งชาติ (4) สำนักงานสถิติของสหภาพยุโรป: สถิติประชากร (5) สำนักงานเลขาธิการประชาคมแปซิฟิก: โครงการสังคมและประชากรศาสตร์ และ (6) สำนักสำมะโนประชากรสหรัฐ: ฐานข้อมูลนานาชาติ",
"SP.POP.GROW","การเติบโตของประชากร (% ต่อปี)","การเติบโตของประชากรประจำปี t คือ อัตราการเพิ่มจำนวนในสภาวะที่ไม่มีปัจจัยจำกัดในตอนกลางปี จากปีที่ t-1 ถึง t โดยแสดงค่าเป็นเปอร์เซนต์ คำว่า ประชากร ขึ้นอยู่กับ คำนิยามของประชากรอย่างแท้จริง ซึ่งนับรวมคนที่พำนักอาศัยทั้งหมด ไม่ว่าจะมีสถานะทางกฎหมายอย่างไร หรือเป็นพลเมืองหรือไม่ ยกเว้นผู้ลี้ภัยที่ไม่ได้พำนักอาศัยอยู่ในประเทศที่มีแคมป์ผู้ลี้ภัยนั้น ๆ อย่างถาวร ซึ่งโดยทั่วไปแล้วผู้ลี้ภัยเหล่านี้จะถือว่าเป็นส่วนหนึ่งของประชากรในประเทศต้นกำเนิดของตนเอง","ได้จากจำนวนประชากรทั้งหมด แหล่งที่มาของประชากร: (1) รายงานสำมะโนประชากรโลกของกองประชากรสหประชาชาติ (2) รายงานสถิติชีพและประชากร (หลายปี) กองสถิติแห่งสหประชาชาติ (3) รายงานการสำรวจสำมะโนประชากรและสิ่งพิมพ์อื่น ๆ ทางสถิติจากสำนักงานสถิติแห่งชาติ (4) สำนักงานสถิติของสหภาพยุโรป: สถิติประชากร (5) สำนักงานเลขาธิการประชาคมแปซิฟิก: โครงการสังคมและประชากรศาสตร์ และ (6) สำนักสำมะโนประชากรสหรัฐ: ฐานข้อมูลนานาชาติ",
"SP.DYN.TFRT.IN","อัตราการเจริญพันธุ์ทั้งหมด (จำนวนการคลอดต่อผู้หญิงหนึ่งคน)","อัตราเจริญพันธุ์ทั้งหมด แสดงถึง จำนวนเด็กที่เกิดต่อมารดาหนึ่งคน หากมารดาจะมีชีวิตอยู่จนถึงวันคลอดและได้ตั้งครรภ์บุตรตามอัตราการเจริญพันธุ์รายอายุในปัจจุบัน","(1) รายงานสำมะโนประชากรโลกของกองประชากรสหประชาชาติ (2) รายงานสถิติชีพและประชากร (หลายปี) กองสถิติแห่งสหประชาชาติ (3) รายงานการสำรวจสำมะโนประชากรและสิ่งพิมพ์อื่น ๆ ทางสถิติจากสำนักงานสถิติแห่งชาติ (4) สำนักงานสถิติของสหภาพยุโรป: สถิติประชากร (5) สำนักงานเลขาธิการประชาคมแปซิฟิก: โครงการสังคมและประชากรศาสตร์ และ (6) สำนักสำมะโนประชากรสหรัฐ: ฐานข้อมูลนานาชาติ",
"SP.DYN.LE00.IN","อายุขัยเฉลี่ยเมื่อแรกเกิดทั้งหมด (ปี)","อายุขัยเฉลี่ยเมื่อแรกเกิด บ่งชี้ถึง จำนวนปีเฉลี่ยที่คาดว่าเด็กทารกจะมีชีวิตอยู่ได้ หากรูปแบบการเสียชีวิต ณ เวลาที่เกิดนั้นยังเป็นรูปแบบเดียวกันอยู่ตลอดชีวิตของทารกรายนั้น ๆ ","ได้จากอายุขัยเฉลี่ยของผู้ชายและผู้หญิงเมื่อแรกเกิดจากแหล่งต่าง ๆ เช่น: (1) รายงานสำมะโนประชากรโลกของกองประชากรสหประชาชาติ (2) รายงานสถิติชีพและประชากร (หลายปี) กองสถิติแห่งสหประชาชาติ (3) รายงานการสำรวจสำมะโนประชากรและสิ่งพิมพ์อื่น ๆ ทางสถิติจากสำนักงานสถิติแห่งชาติ (4) สำนักงานสถิติของสหภาพยุโรป: สถิติประชากร (5) สำนักงานเลขาธิการประชาคมแปซิฟิก: โครงการสังคมและประชากรศาสตร์ และ (6) สำนักสำมะโนประชากรสหรัฐ: ฐานข้อมูลนานาชาติ",
"SP.DYN.IMRT.IN","อัตราการเสียชีวิตของทารก (ต่อการคลอดที่มีชีวิต 1,000 คน)","อัตราการเสียชีวิตของทารก คือ จำนวนของเด็กทารกที่เสียชีวิตก่อนที่จะมีอายุครบหนึ่งปี ต่อการเกิด 1,000 รายในหนึ่งปี","ระดับและแนวโน้มของการเสียชีวิตในเด็ก การประมาณการที่ตีพิมพ์โดยงานองค์การสหประชาชาติเพื่อประมาณการการตายของเด็ก (ยูนิเซฟ องค์การอนามัยโลก ธนาคารโลก กรมกิจการเศรษฐกิจและสังคมของสหประชาชาติ กองประชากรสหประชาชาติ)",
"SP.DYN.CONU.ZS","ความชุกของการคุมกำเนิด (คิดเป็น % ของผู้หญิงที่มีอายุ 15-49)","ความชุกของการคุมกำเนิด คือ อัตราร้อยละของผู้หญิงที่กำลังคุมกำเนิด หรือคนที่คู่นอนของตนเองกำลังคุมกำเนิดอยู่ ไม่ว่าจะเป็นการคุมกำเนิดในรูปแบบใด ๆ โดยปกติแล้วจะวัดจำนวนจากผู้หญิงที่แต่งงานแล้วที่มีอายุระหว่าง 15-49 ปีเท่านั้น","การสำรวจครัวเรือน รวมถึงการสำรวจด้านสุขภาพและข้อมูลประชากรโดย องค์การ ICF นานาชาติ และการสำรวจพหุดัชนีแบบจัดกลุ่มโดยยูนิเซฟ",
"SP.ADO.TFRT","อัตราการเจริญพันธุ์ในวัยรุ่น (จำนวนการคลอดต่อผู้หญิงที่มีอายุ 15-19 1,000 คน)","อัตราการเจริญพันธุ์ในวัยรุ่น คือ จำนวนของการเกิดต่อผู้หญิงที่มีอายุระหว่าง 15-19 ปี 1,000 คน","รายงานสำมะโนประชากรโลก กองประชากรสหประชาชาติ",
"SM.POP.NETM","การย้ายถิ่นฐานสุทธิ","การย้ายถิ่นฐานสุทธิ คือ จำนวนสุทธิรวมทั้งหมดของผู้อพยพในช่วงระยะเวลาหนึ่ง กล่าวคือ จำนวนของผู้อพยพเข้ามาในประเทศน้อยกว่าจำนวนของผู้ที่อพยพออกจากประเทศประจำปี ซึ่งรวมถึงประชากรที่เป็นและไม่ได้เป็นพลเมือง ข้อมูลที่แสดงเป็นการประมาณการห้าปี","รายงานสำมะโนประชากรโลก กองประชากรสหประชาชาติ",
"SL.UEM.TOTL.ZS","การว่างงานทั้งหมด (คิดเป็น % ของกำลังแรงงานทั้งหมด)","การว่างงาน หมายถึง ส่วนของกำลังแรงงานที่ไม่มีงาน แต่พร้อมที่จะทำงานและกำลังมองหางานอยู่ คำจำกัดความของกำลังแรงงานและการว่างงานอาจแตกต่างกันไปตามแต่ละประเทศ","ตัวชี้วัดสำคัญของฐานข้อมูลตลาดแรงงาน องค์การแรงงานระหว่างประเทศ",
"SI.POV.NAHC","อัตราส่วนจำนวนคนยากจนที่เส้นความยากจนแห่งชาติ (% ของประชากร)","อัตราส่วนจำนวนคนยากจนแห่งชาติ คือ อัตราร้อยละของประชากรที่มีรายได้ต่ำกว่าเส้นความยากจนแห่งชาติ การประมาณแห่งชาตินี้ขึ้นอยู่กับการประมาณกลุ่มย่อยถ่วงน้ำหนักจากการสำรวจครัวเรือน","กลุ่มการทำงานเกี่ยวกับความยากจนทั่วโลกของธนาคารโลก โดยข้อมูลนี้ตั้งอยู่บนพื้นฐานของการประเมินภาวะความยากจนในแต่ละประเทศและกลยุทธ์การลดความยากจนของธนาคารโลก",
"SI.POV.GINI","ดัชนี GINI","ดัชนี GINI ใช้วัดขอบเขตซึ่งการกระจายรายได้ (หรือในบางกรณีคือค่าใช้จ่ายเพื่อการบริโภค) ในหมู่ประชาชนหรือครัวเรือนภายในประเทศเบี่ยงเบนไปจากการกระจายรายได้ที่เท่าเทียมกันอย่างสมบูรณ์ เส้นโค้งลอเรนซ์พล็อตกราฟเปอร์เซนต์สะสมของรายได้ทั้งหมดที่ได้รับ กับจำนวนสะสมของผู้รับ โดยเริ่มที่บุคคลหรือครอบครัวที่ยากจนที่สุด ดัชนี Gini วัดพื้นที่ระหว่างเส้นโค้งลอเรนซ์และเส้นสมมุติของความเสมอภาคที่แน่นอน โดยแสดงเป็นเปอร์เซนต์ของพื้นที่มากที่สุดภายใต้เส้น ดังนั้น ค่าดัชนี Gini ของ 0 จึงแสดงถึงความเท่าเทียมกันที่สมบูรณ์ ขณะที่ค่าดัชนี 100 หมายถึง ความไม่เท่าเทียมกันที่สมบูรณ์","กลุ่มวิจัยเพื่อการพัฒนาของธนาคารโลก โดยข้อมูลนี้ตั้งอยู่บนพื้นฐานของการสำรวจครัวเรือนหลักที่ได้มาจากหน่วยงานสถิติของรัฐบาลและแผนกที่รับผิดชอบแต่ละประเทศของธนาคารโลก ข้อมูลของประเทศที่มีรายได้สูงได้มาจากฐานข้อมูลการศึกษาเกี่ยวกับรายได้ลักเซมเบิร์ก สำหรับวิธีการและข้อมูลเพิ่มเติม กรุณาดูที่ PovcalNet (http://iresearch.worldbank.org/PovcalNet/index.htm)",
"SI.POV.DDAY","อัตราส่วนจำนวนคนยากจนที่ $1.90 ในหนึ่งวัน (PPP) (% ของประชากร)","อัตราประชากรที่ใช้เงินน้อยกว่า $1.25 ต่อวัน คือ อัตราร้อยละของประชากรที่ใช้เงินดำรงชีพน้อยกว่า $1.25 ต่อหนึ่งวัน ณ ราคาระหว่างประเทศของปี 2005 และเนื่องจากผลของการแก้ไขอัตราแลกเปลี่ยน PPP จึงไม่สามารถนำอัตราความยากจนสำหรับแต่ละประเทศมาเปรียบเทียบกับอัตราความยากจนที่ได้รายงานไปในฉบับที่ผ่านมาได้","กลุ่มวิจัยเพื่อการพัฒนาของธนาคารโลก โดยข้อมูลนี้ตั้งอยู่บนพื้นฐานของการสำรวจครัวเรือนหลักที่ได้มาจากหน่วยงานสถิติของรัฐบาลและแผนกที่รับผิดชอบแต่ละประเทศของธนาคารโลก ข้อมูลของประเทศที่มีรายได้สูงได้มาจากฐานข้อมูลการศึกษาเกี่ยวกับรายได้ลักเซมเบิร์ก สำหรับวิธีการและข้อมูลเพิ่มเติม กรุณาดูที่ PovcalNet (http://iresearch.worldbank.org/PovcalNet/index.htm)",
"SI.DST.FRST.20","ส่วนแบ่งรายได้จากอัตราที่ต่ำที่สุด 20 %","เปอร์เซนต์ส่วนแบ่งรายได้หรือการบริโภค คือ ส่วนที่ค้างจ่ายให้กับกลุ่มย่อยของประชากรที่จะแสดงผลเป็นจำนวนเดไซล์และจำนวน quintillion เปอร์เซนต์ส่วนแบ่งโดยจำนวน quintillion อาจจะรวมกันได้ไม่ถึง 100 เนื่องจากมีการปัดเศษได้","กลุ่มวิจัยเพื่อการพัฒนาของธนาคารโลก โดยข้อมูลนี้ตั้งอยู่บนพื้นฐานของการสำรวจครัวเรือนหลักที่ได้มาจากหน่วยงานสถิติของรัฐบาลและแผนกที่รับผิดชอบแต่ละประเทศของธนาคารโลก ข้อมูลของประเทศที่มีรายได้สูงได้มาจากฐานข้อมูลการศึกษาเกี่ยวกับรายได้ลักเซมเบิร์ก สำหรับวิธีการและข้อมูลเพิ่มเติม กรุณาดูที่ PovcalNet (http://iresearch.worldbank.org/PovcalNet/index.htm)",
"SH.STA.MALN.ZS","น้ำหนักเทียบกับอายุ ความชุกของภาวะทุพโภชนาการ (คิดเป็น % ของเด็กอายุน้อยกว่า 5 ปี)","ความชุกของภาวะทุพโภชนาการในเด็ก คือ อัตราร้อยละของเด็กที่มีอายุต่ำกว่า 5 ปีที่มีน้ำหนักตามอายุมากกว่าค่าเบี่ยงเบนมาตรฐานที่ต่ำกว่าค่ามัธยฐานสำหรับประชากรที่ใช้อ้างอิงสากล ที่มีอายุระหว่าง 0-59 เดือน ข้อมูลนี้ขึ้นอยู่กับมาตรฐานของมาตรฐานการเจริญเติบโตของเด็กแบบใหม่ขององค์การอนามัยโลกที่ออกในปี 2006","ฐานข้อมูลทั่วโลกเกี่ยวกับการเจริญเติบโตของเด็กและภาวะทุพโภชนาการขององค์การอนามัยโลก โดยมีข้อสรุปตามพื้นฐานของการวิเคราะห์เรื่องภาวะทุพโภชนาการโลกร่วมกันระหว่างยูนิเซฟและองค์การอนามัยโลกปี 2011 และการวิเคราะห์เพิ่มเติมจากยูนิเซฟ",
"SH.STA.BRTC.ZS","การทำคลอดจากเจ้าหน้าที่ด้านการแพทย์ที่มีความเชี่ยวชาญ (คิดเป็น % ของทั้งหมด)","การทำคลอดจากเจ้าหน้าที่ด้านการแพทย์ที่มีความเชี่ยวชาญ คือ อัตราร้อยละของการคลอดที่ได้รับการทำคลอดโดยบุคลากรที่ได้รับการฝึกฝนมาเพื่อให้การกำกับ ดูแล และให้คำแนะนำที่จำเป็น แก่ผู้หญิงตลอดการตั้งครรภ์ การคลอด และระยะหลังการคลอด เพื่อให้หญิงคลอดบุตรสามารถคลอดบุตรได้ด้วยตัวเอง และเพื่อให้สามารถดูแลเด็กแรกเกิดได้","รายงานสภาวะเด็กโลกของยูนิเซฟ และการสำรวจด้านสุขภาพและข้อมูลประชากรโดย องค์การ ICF นานาชาติ",
"SH.IMM.MEAS","การฉีดวัคซีนป้องกันโรคหัด (คิดเป็น % ของเด็กอายุ 12-23 เดือน)","การฉีดวัคซีนป้องกันในเด็ก เป็นการวัดอัตราร้อยละของเด็กอายุ 12-23 เดือนที่ได้รับวัคซีนก่อนอายุ 12 เดือน หรือก่อนที่จะมีการทำแบบสำรวจ โดยเด็กที่ได้รับวัคซีนป้องกันโรคหัดแล้วหนึ่งครั้งจะถือว่ามีภูมิคุ้มกันโรคหัดเพียงพอแล้ว","องค์การอนามัยโลกและยูนิเซฟ (http://www.who.int/immunization_monitoring/routine/en/)",
"SH.DYN.MORT","อัตราการเสียชีวิตของเด็กที่อายุต่ำกว่า 5 ปี (ต่อการเกิด 1,000 คน)","อัตราการเสียชีวิตของเด็กที่อายุต่ำกว่าห้าปี คือ ความน่าจะเป็นต่อ 1,000 ราย ที่เด็กแรกเกิดจะเสียชีวิตก่อนที่จะมีอายุครบ 5 ปี โดยอาจขึ้นอยู่กับอัตราการเสียชีวิตรายอายุ","ระดับและแนวโน้มของการเสียชีวิตในเด็ก การประมาณการที่ตีพิมพ์โดยงานองค์การสหประชาชาติเพื่อประมาณการการตายของเด็ก (ยูนิเซฟ องค์การอนามัยโลก ธนาคารโลก กรมกิจการเศรษฐกิจและสังคมของสหประชาชาติ กองประชากรสหประชาชาติ)",
"SH.DYN.AIDS.ZS","ความชุกของการติดเชื้อเอชไอวีทั้งหมด (คิดเป็น % ของประชากรอายุระหว่าง 15-49 ปี)","ความชุกของการติดเชื้อเอชไอวี หมายความถึง อัตราร้อยละของประชาชนที่มีอายุตั้งแต่ 15-49 ปีที่ติดเชื้อเอชไอวี","โครงการเอดส์แห่งสหประชาชาติ และรายงานเรื่องการระบาดของเอดส์ทั่วโลกขององค์การอนามัยโลก",
"SE.XPD.TOTL.GD.ZS","การใช้จ่ายเพื่อการศึกษาของประชาชนทั้งหมด (คิดเป็น % ของจีดีพี)","ค่าใช้จ่ายเพื่อการศึกษาของประชาชน ประกอบไปด้วย ค่าใช้จ่ายประจำและค่าใช้จ่ายการลงทุนของประชาชนเพื่อการศึกษา รวมถึงค่าใช้จ่ายของภาครัฐเพื่อสถาบันการศึกษา (ทั้งเอกชนและรัฐบาล) การบริหารจัดการการศึกษา และการให้เงินอุดหนุนสำหรับหน่วยงานเอกชน (นักเรียน/ครอบครัว และหน่วยงานเอกชนอื่น ๆ)","สถาบันสถิติแห่งองค์การศึกษา วิทยาศาสตร์ และวัฒนธรรมแห่งสหประชาชาติ (ยูเนสโก)",
"SE.SEC.ENRR","การลงทะเบียนเรียนในระดับมัธยม (เป็น % จากทั้งหมด)","สัดส่วนการลงทะเบียนเรียนทั้งหมด คือ อัตราส่วนของการลงทะเบียนเรียนทั้งหมด โดยไม่คำนึงถึงอายุ ต่อประชากรในกลุ่มอายุเดียวกันที่ตรงกับระดับการศึกษานั้น ๆ อย่างเป็นทางการ การศึกษาระดับมัธยมศึกษานั้นเป็นการให้การศึกษาซึ่งเริ่มต้นจากระดับประถมศึกษานั้นสมบูรณ์ และมีจุดประสงค์เพื่อสร้างรากฐานสำหรับการเรียนรู้ตลอดชีวิตและการพัฒนามนุษย์ โดยจะเป็นการให้การศึกษาในหัวข้อที่มากขึ้น และให้คำแนะนำที่เน้นด้านทักษะมากขึ้น โดยการใช้อาจารย์ที่มีความเชี่ยวชาญมากขึ้น","สถาบันสถิติแห่งองค์การศึกษา วิทยาศาสตร์ และวัฒนธรรมแห่งสหประชาชาติ (ยูเนสโก)",
"SE.PRM.ENRR","การลงทะเบียนเรียนในระดับประถม (เป็น % จากทั้งหมด)","สัดส่วนการลงทะเบียนเรียนทั้งหมด คือ อัตราส่วนของการลงทะเบียนเรียนทั้งหมด โดยไม่คำนึงถึงอายุ ต่อประชากรในกลุ่มอายุเดียวกันที่ตรงกับระดับการศึกษานั้น ๆ อย่างเป็นทางการ การศึกษาระดับประถมศึกษานั้นจะทำให้เด็กมีทักษะการอ่าน การเขียน และคณิตศาสตร์ขั้นพื้นฐาน และมีความเข้าใจหัวข้อต่าง ๆ ระดับพื้นฐาน เช่น ประวัติศาสตร์ ภูมิศาสตร์ วิทยาศาสตร์ธรรมชาติ สังคมศาสตร์ ศิลปะ และดนตรี","สถาบันสถิติแห่งองค์การศึกษา วิทยาศาสตร์ และวัฒนธรรมแห่งสหประชาชาติ (ยูเนสโก)",
"SE.PRM.CMPT.ZS","อัตราการสำเร็จการศึกษาระดับประถมทั้งหมด (คิดเป็น % ของกลุ่มอายุที่เกี่ยวข้อง)","อัตราการสำเร็จการศึกษาระดับประถม คือ อัตราร้อยละของนักเรียนที่สำเร็จการศึกษาชั้นปีสุดท้ายของโรงเรียนประถมศึกษา โดยคำนวณจากจำนวนนักเรียนทั้งหมดในชั้นเรียนระดับสุดท้ายของโรงเรียนประถมศึกษา ลบด้วยจำนวนนักเรียนที่ต้องเรียนซ้ำในระดับนั้น และหารด้วยจำนวนนักเรียนที่อยู่ในระดับชั้นเรียนเดียวกันที่สำเร็จการศึกษาทั้งหมด","สถาบันสถิติแห่งองค์การศึกษา วิทยาศาสตร์ และวัฒนธรรมแห่งสหประชาชาติ (ยูเนสโก)",
"SE.ENR.PRSC.FM.ZS","สัดส่วนของเด็กหญิงต่อเด็กชายในการศึกษาระดับประถมและมัธยม (%)","สัดส่วนของเด็กหญิงต่อเด็กชายในการศึกษาระดับประถมและมัธยม คือ อัตราร้อยละของจำนวนเด็กหญิงต่อเด็กชายที่ลงทะเบียนเรียนในระดับประถมและมัธยมศึกษาในโรงเรียนเอกชนและโรงเรียนรัฐบาล","สถาบันสถิติแห่งองค์การศึกษา วิทยาศาสตร์ และวัฒนธรรมแห่งสหประชาชาติ (ยูเนสโก)",
"SE.ADT.LITR.ZS","อัตราการรู้หนังสือในผู้ใหญ่ทั้งหมด (คิดเป็น % ของคนที่มีอายุตั้งแต่ 15 ปีและมากกว่า)","อัตราการรู้หนังสือในผู้ใหญ่ คือ อัตราร้อยละของจำนวนคนที่มีอายุตั้งแต่ 15 ปีขึ้นไปที่สามารถอ่านและเขียนประโยคสั้น ๆ ง่าย ๆ ด้วยความเข้าใจในชีวิตประจำวันของตนเองได้","สถาบันสถิติแห่งองค์การศึกษา วิทยาศาสตร์ และวัฒนธรรมแห่งสหประชาชาติ (ยูเนสโก)",
"NY.GNP.PCAP.PP.CD","รายได้มวลรวมประชาชาติต่อหัวตาม PPP (เป็น $ ระหว่างประเทศปัจจุบัน)","จีเอ็นไอต่อหัวตามความเสมอภาคของอำนาจซื้อ (PPP) PPP GNI คือ รายได้มวลรวมประชาชาติ (จีเอ็นไอ) ที่ถูกแปลงให้เป็นดอลล่าร์สากลโดยใช้อัตราความเสมอภาคของอำนาจซื้อ ดอลล่าร์สากลมีอำนาจการซื้อต่อจีเอ็นไอเหมือนกันกับดอลล่าร์สหรัฐมีในสหรัฐอเมริกา จีเอ็นไอ คือ ผลรวมของมูลค่าเพิ่มจากการผลิตภายในประเทศ บวกกับภาษีสินค้าใด ๆ (ด้วยเงินอุดหนุนที่น้อยลง) และไม่รวมอยู่ในการประเมินมูลค่าของผลผลิต บวกกับรายรับของรายได้หลัก (ค่าตอบแทนของพนักงานและรายได้จากครัวเรือน) จากต่างประเทศ ข้อมูลเหล่านี้แสดงเป็นหน่วยดอลล่าร์สากลปัจจุบัน","ฐานข้อมูลโครงการเปรียบเทียบข้อมูลระหว่างประเทศ (International Comparison Program) ของธนาคารโลก",
"NY.GNP.PCAP.CD","รายได้มวลรวมประชาชาติ วิธี Atlas (เป็น US$ ปัจจุบัน)","จีเอ็นไอต่อหัว (เดิมเรียกว่า จีเอ็นพีต่อหัว) คือ รายได้มวลรวมประชาชาติ ซึ่งถูกแปลงให้เป็นดอลล่าร์สหรัฐโดยใช้วิธี Atlas ของธนาคารโลก และหารด้วยประชากรกลางปี จีเอ็นไอ คือ ผลรวมของมูลค่าเพิ่มจากการผลิตภายในประเทศ บวกกับภาษีสินค้าใด ๆ (ด้วยเงินอุดหนุนที่น้อยลง) และไม่รวมอยู่ในการประเมินมูลค่าของผลผลิต บวกกับรายรับของรายได้หลัก (ค่าตอบแทนของพนักงานและรายได้จากครัวเรือน) จากต่างประเทศ จีเอ็นไอ ซึ่งถูกคำนวณให้เป็นสกุลเงินแห่งชาติ ปกติแล้วจะถูกแปลงให้เป็นดอลล่าร์สหรัฐด้วยอัตราการแลกเปลี่ยนสกุลเงินที่เป็นทางการ เพื่อเปรียบเทียบได้กับหลาย ๆ ประเทศ ถึงแม้ว่าจะได้ใช้อัตราทางเลือกเมื่ออัตราแลกเปลี่ยนที่เป็นทางการนั้นมีความแตกต่างกันโดยมีมาร์จินขนาดใหญ่เป็นพิเศษ จากอัตราที่ใช้ในธุรกิจระหว่างประเทศจริง ๆ เพื่อให้ความผันผวนของราคาและอัตราแลกเปลี่ยนนี้มีความเรียบง่ายขึ้นนั้น ธนาคารโลกจะใช้วิธีแลกเปลี่ยนพิเศษแบบ Atlas แทน ซึ่งเป็นการใช้ปัจจัยการแลกเปลี่ยนที่เป็นค่าเฉลี่ยของอัตราแลกเปลี่ยนสำหรับปีที่กำหนดและสองปีก่อนหน้านี้ โดยจะถูกปรับเปลี่ยนความแตกต่างในอัตราเงินเฟ้อระหว่างประเทศ และถูกใช้ในประเทศ G-5 จนถึงปี 2000 (ฝรั่งเศส เยอรมัน ญี่ปุ่น สหราชอาณาจักร และสหรัฐอเมริกา) ตั้งแต่ปี 2001 ประเทศเหล่านี้รวมถึงเขตยูโร ญี่ปุ่น สหราชอาณาจักร และสหรัฐอเมริกาด้วย ","ข้อมูลบัญชีประชาชาติของธนาคารโลก และไฟล์ข้อมูลบัญชีประชาชาติขององค์การเพื่อความร่วมมือทางเศรษฐกิจและการพัฒนา (OECD)",
"NY.GNP.MKTP.PP.CD","PPP ของจีเอ็นไอ (เป็น $ ระหว่างประเทศปัจจุบัน)","จีเอ็นไอตาม PPP (เดิมเรียกว่า PPP GNP) คือ รายได้มวลรวมประชาชาติ (จีเอ็นไอ) ที่ถูกแปลงให้เป็นดอลล่าร์สากลโดยใช้อัตราความเสมอภาคของอำนาจซื้อ ดอลล่าร์สากลมีอำนาจการซื้อต่อจีเอ็นไอเหมือนกันกับดอลล่าร์สหรัฐมีในสหรัฐอเมริกา รายได้มวลรวมประชาชาติ คือ ผลรวมของมูลค่าเพิ่มจากการผลิตภายในประเทศ บวกกับภาษีสินค้าใด ๆ (ด้วยเงินอุดหนุนที่น้อยลง) และไม่รวมอยู่ในการประเมินมูลค่าของผลผลิต บวกกับรายรับของรายได้หลัก (ค่าตอบแทนของพนักงานและรายได้จากครัวเรือน) จากต่างประเทศ ข้อมูลเหล่านี้แสดงเป็นหน่วยดอลล่าร์สากลปัจจุบัน","ฐานข้อมูลโครงการเปรียบเทียบข้อมูลระหว่างประเทศ (International Comparison Program) ของธนาคารโลก",
"NY.GNP.ATLS.CD","จีเอ็นไอ (รายได้มวลรวมประชาชาติ) วิธี Atlas (เป็น US$ ปัจจุบัน)","จีเอ็นไอ (เดิมเรียกว่า จีเอ็นพี) หรือรายได้มวลรวมประชาชาติ คือ ผลรวมของมูลค่าเพิ่มจากการผลิตภายในประเทศ บวกกับภาษีสินค้าใด ๆ (ด้วยเงินอุดหนุนที่น้อยลง) และไม่รวมอยู่ในการประเมินมูลค่าของผลผลิต บวกกับรายรับของรายได้หลัก (ค่าตอบแทนของพนักงานและรายได้จากครัวเรือน) จากต่างประเทศ ข้อมูลเหล่านี้แสดงเป็นหน่วยดอลล่าร์สากลปัจจุบัน ข้อมูลเหล่านี้แสดงเป็นหน่วยเงินยูเอสดอลล่าร์ปัจจุบัน จีเอ็นไอ ซึ่งถูกคำนวณให้เป็นสกุลเงินแห่งชาติ ปกติแล้วจะถูกแปลงให้เป็นดอลล่าร์สหรัฐด้วยอัตราการแลกเปลี่ยนสกุลเงินที่เป็นทางการ เพื่อเปรียบเทียบได้กับหลาย ๆ ประเทศ ถึงแม้ว่าจะได้ใช้อัตราทางเลือกเมื่ออัตราแลกเปลี่ยนที่เป็นทางการนั้นมีความแตกต่างกันโดยมีมาร์จินขนาดใหญ่เป็นพิเศษ จากอัตราที่ใช้ในธุรกิจระหว่างประเทศจริง ๆ เพื่อให้ความผันผวนของราคาและอัตราแลกเปลี่ยนนี้มีความเรียบง่ายขึ้นนั้น ธนาคารโลกจะใช้วิธีแลกเปลี่ยนพิเศษแบบ Atlas แทน ซึ่งเป็นการใช้ปัจจัยการแลกเปลี่ยนที่เป็นค่าเฉลี่ยของอัตราแลกเปลี่ยนสำหรับปีที่กำหนดและสองปีก่อนหน้านี้ โดยจะถูกปรับเปลี่ยนความแตกต่างในอัตราเงินเฟ้อระหว่างประเทศ และถูกใช้ในประเทศ G-5 จนถึงปี 2000 (ฝรั่งเศส เยอรมัน ญี่ปุ่น สหราชอาณาจักร และสหรัฐอเมริกา) ตั้งแต่ปี 2001 ประเทศเหล่านี้รวมถึงเขตยูโร ญี่ปุ่น สหราชอาณาจักร และสหรัฐอเมริกาด้วย","ข้อมูลบัญชีประชาชาติของธนาคารโลก และไฟล์ข้อมูลบัญชีประชาชาติขององค์การเพื่อความร่วมมือทางเศรษฐกิจและการพัฒนา (OECD)",
"NY.GDP.PCAP.PP.CD","จีดีพีต่อหัวตาม PPP (เป็น $ ระหว่างประเทศปัจจุบัน)","จีดีพีต่อหัวตามความเสมอภาคของอำนาจซื้อ (PPP) PPP GDP คือ ผลิตภัณฑ์มวลรวมในประเทศที่ถูกแปลงให้เป็นดอลล่าร์สากล โดยการใช้อัตราความเสมอภาคของอำนาจซื้อ ดอลล่าร์สากลมีอำนาจการซื้อต่อจีเอ็นไอเหมือนกันกับดอลล่าร์สหรัฐมีในสหรัฐอเมริกา จีดีพีในราคาของผู้ซื้อ คือ ผลรวมของมูลค่าเพิ่มจากการผลิตภายในประเทศ บวกกับภาษีสินค้าใด ๆ และลบด้วยเงินอุดหนุนที่ไม่รวมอยู่ในการมูลค่าของสินค้า โดยการคำนวณนี้จะไม่นำการหักค่าเสื่อมราคาหรือการสูญเสียของสินทรัพย์ที่ผลิตขึ้นมา และความเสื่อมสภาพของทรัพยากรธรรมชาติเข้ามาคิดด้วย ข้อมูลเหล่านี้แสดงเป็นหน่วยดอลล่าร์สากลปัจจุบัน","ฐานข้อมูลโครงการเปรียบเทียบข้อมูลระหว่างประเทศ (International Comparison Program) ของธนาคารโลก",
"NY.GDP.PCAP.CD","จีดีพีต่อหัว (เป็น US$ ปัจจุบัน)","จีดีพีต่อหัว คือ ผลิตภัณฑ์มวลรวมในประเทศหารด้วยประชากรกลางปี จีดีพี คือ ผลรวมของมูลค่าเพิ่มรวมจากผู้ผลิตที่เป็นผู้ที่มีถิ่นอาศัยทั้งหมดในประเทศ รวมกับภาษีสินค้าใด ๆ และลบด้วยเงินอุดหนุนใด ๆ ที่ไม่ได้รวมมูลค่าสินค้าเข้าไปด้วย โดยการคำนวณนี้จะไม่นำการหักค่าเสื่อมราคาหรือการสูญเสียของสินทรัพย์ที่ผลิตขึ้นมา และความเสื่อมสภาพของทรัพยากรธรรมชาติเข้ามาคิดด้วย ข้อมูลเหล่านี้แสดงเป็นหน่วยเงินยูเอสดอลล่าร์ปัจจุบัน","ข้อมูลบัญชีประชาชาติของธนาคารโลก และไฟล์ข้อมูลบัญชีประชาชาติขององค์การเพื่อความร่วมมือทางเศรษฐกิจและการพัฒนา (OECD)",
"NY.GDP.MKTP.KD.ZG","อัตราการเติบโตของจีดีพี (% ต่อปี)","อัตราการเติบโตของจีดีพีต่อปีในราคาตลาดขึ้นอยู่กับสกุลเงินในประเทศนั้น ๆ ค่ารวมจะขึ้นอยู่กับค่าคงที่ปี 2005 เป็นดอลล่าร์สหรัฐ จีดีพี คือ ผลรวมของมูลค่าเพิ่มรวมจากผู้ผลิตที่เป็นผู้ที่มีถิ่นอาศัยทั้งหมดในประเทศ รวมกับภาษีสินค้าใด ๆ และลบด้วยเงินอุดหนุนใด ๆ ที่ไม่ได้รวมมูลค่าสินค้าเข้าไปด้วย โดยการคำนวณนี้จะไม่นำการหักค่าเสื่อมราคาหรือการสูญเสียของสินทรัพย์ที่ผลิตขึ้นมา และความเสื่อมสภาพของทรัพยากรธรรมชาติเข้ามาคิดด้วย","ข้อมูลบัญชีประชาชาติของธนาคารโลก และไฟล์ข้อมูลบัญชีประชาชาติขององค์การเพื่อความร่วมมือทางเศรษฐกิจและการพัฒนา (OECD)",
"NY.GDP.MKTP.CD","จีดีพี (เป็น US$ ปัจจุบัน)","จีดีพีในราคาของผู้ซื้อ คือ ผลรวมของมูลค่าเพิ่มรวมจากผู้ผลิตที่เป็นผู้ที่มีถิ่นอาศัยทั้งหมดในประเทศ รวมกับภาษีสินค้าใด ๆ และลบด้วยเงินอุดหนุนใด ๆ ที่ไม่ได้รวมมูลค่าสินค้าเข้าไปด้วย โดยการคำนวณนี้จะไม่นำการหักค่าเสื่อมราคาหรือการสูญเสียของสินทรัพย์ที่ผลิตขึ้นมา และความเสื่อมสภาพของทรัพยากรธรรมชาติเข้ามาคิดด้วย ข้อมูลเหล่านี้แสดงเป็นหน่วยเงินยูเอสดอลล่าร์ปัจจุบัน ตัวเลขดอลล่าร์สำหรับจีดีพีถูกแปลงจากสกุลเงินของประเทศนั้น ๆ โดยการใช้อัตราการแลกเปลี่ยนสกุลเงินอย่างเป็นทางการเพียงปีเดียว สำหรับประเทศที่อัตราการแลกเปลี่ยนสกุลเงินอย่างเป็นทางการไม่ได้แสดงถึงอัตราการนำไปใช้เพื่อการทำธุรกรรมแลกเปลี่ยนเงินตราต่างประเทศอย่างมีประสิทธิภาพ จะใช้ปัจจัยการแลกเปลี่ยนทางเลือกแทน","ข้อมูลบัญชีประชาชาติของธนาคารโลก และไฟล์ข้อมูลบัญชีประชาชาติขององค์การเพื่อความร่วมมือทางเศรษฐกิจและการพัฒนา (OECD)",
"NY.GDP.DEFL.KD.ZG","ตัวหักลดจีดีพีของเงินเฟ้อ (% ต่อปี)","เงินเฟ้อ ตามที่วัดค่าด้วยอัตราการเติบโตต่อปีของดัชนีราคาผลิตภัณฑ์มวลรวมในประเทศ แสดงให้เห็นถึงอัตราการเปลี่ยนแปลงของราคาในประเทศโดยรวม ดัชนีราคาผลิตภัณฑ์มวลรวมในประเทศ คือ อัตราส่วนของจีดีพีในสกุลเงินท้องถิ่นปัจจุบัน ต่อ สกุลเงินท้องถิ่นที่เป็นสากล","ข้อมูลบัญชีประชาชาติของธนาคารโลก และไฟล์ข้อมูลบัญชีประชาชาติขององค์การเพื่อความร่วมมือทางเศรษฐกิจและการพัฒนา (OECD)",
"NV.IND.TOTL.ZS","มูลค่าเพิ่มของอุตสาหกรรม (คิดเป็น % ของจีดีพี)","อุตสาหกรรมสอดคล้องกับหน่วยงาน ISIC 10-45 และรวมถึงการทำอุตสาหกรรม (หน่วยงาน ISIC 15-37) โดยประกอบไปด้วยมูลค่าเพิ่มในการทำเหมือง การผลิต (ซึ่งถูกรายงานเป็นกลุ่มย่อยต่างหากเช่นกัน) การก่อสร้าง ไฟฟ้า น้ำประปา และก๊าซ มูลค่าเพิ่ม คือ ผลลัพธ์สุทธิทั้งหมดของภาคการเกษตรหลังจากได้รวมมูลค่าผลผลิตทั้งหมด และลบออกด้วยปัจจัยการผลิตขั้นกลาง โดยการคำนวณนี้จะไม่นำการหักค่าเสื่อมราคาหรือการสูญเสียของสินทรัพย์ที่ผลิตขึ้นมา และความเสื่อมสภาพของทรัพยากรธรรมชาติเข้ามาคิดด้วย ต้นกำเนิดของมูลค่าเพิ่มนั้นถูกกำหนดโดยการจัดประเภทมาตรฐานอุตสาหกรรมสากล (ISIC) ฉบับปรับปรุงครั้งที่ 3 หมายเหตุ: สำหรับประเทศในกลุ่ม VAB นั้น มูลค่าเพิ่มรวมในราคาทุนถูกใช้เป็นตัวหารส่วน","ข้อมูลบัญชีประชาชาติของธนาคารโลก และไฟล์ข้อมูลบัญชีประชาชาติขององค์การเพื่อความร่วมมือทางเศรษฐกิจและการพัฒนา (OECD)",
"NV.AGR.TOTL.ZS","มูลค่าเพิ่มของการเกษตร (คิดเป็น % ของจีดีพี)","การเกษตรสอดคล้องกับหน่วยงาน ISIC 1-5 และรวมถึงการทำป่าไม้ การล่าสัตว์ และการตกปลา รวมทั้งการเพาะปลูกพืชและการเลี้ยงสัตว์ มูลค่าเพิ่ม คือ ผลลัพธ์สุทธิทั้งหมดของภาคการเกษตรหลังจากได้รวมมูลค่าผลผลิตทั้งหมด และลบออกด้วยปัจจัยการผลิตขั้นกลาง โดยการคำนวณนี้จะไม่นำการหักค่าเสื่อมราคาหรือการสูญเสียของสินทรัพย์ที่ผลิตขึ้นมา และความเสื่อมสภาพของทรัพยากรธรรมชาติเข้ามาคิดด้วย ต้นกำเนิดของมูลค่าเพิ่มนั้นถูกกำหนดโดยการจัดประเภทมาตรฐานอุตสาหกรรมสากล (ISIC) ฉบับปรับปรุงครั้งที่ 3 หมายเหตุ: สำหรับประเทศในกลุ่ม VAB นั้น มูลค่าเพิ่มรวมในราคาทุนถูกใช้เป็นตัวหารส่วน","ข้อมูลบัญชีประชาชาติของธนาคารโลก และไฟล์ข้อมูลบัญชีประชาชาติขององค์การเพื่อความร่วมมือทางเศรษฐกิจและการพัฒนา (OECD)",
"NE.IMP.GNFS.ZS","การนำเข้าสินค้าและบริการ (คิดเป็น % ของจีดีพี)","การนำเข้าสินค้าและบริการ แสดงถึง มูลค่าของสินค้าและบริการการตลาดทั้งหมดที่นำเข้าจากทั่วโลก การนำเข้าสินค้าและบริการนี้ รวมถึง มูลค่าของสินค้า การระวางสินค้า การประกัน การขนส่ง การเดินทาง ลิขสิทธิ์ ค่าธรรมเนียมใบอนุญาต และการบริการอื่น ๆ เช่น การบริการด้านการสื่อสาร การก่อสร้าง การเงิน ข้อมูล ธุรกิจ ส่วนบุคคล และการบริการภาครัฐ แต่ไม่รวมถึงค่าตอบแทนพนักงานและรายได้การลงทุน (เดิมเรียกว่า การบริการที่เป็นองค์ประกอบ) และการโอนเงิน","ข้อมูลบัญชีประชาชาติของธนาคารโลก และไฟล์ข้อมูลบัญชีประชาชาติขององค์การเพื่อความร่วมมือทางเศรษฐกิจและการพัฒนา (OECD)",
"NE.GDI.TOTL.ZS","การสะสมทุนเบื้องต้น (คิดเป็น % ของจีดีพี)","การสะสมทุนเบื้องต้น (เดิมเรียกว่า การลงทุนภายในประเทศ) ประกอบไปด้วย ค่าใช้จ่ายเพิ่มเติมของสินทรัพย์ถาวรของประเทศ บวกกับการเปลี่ยนแปลงสุทธิในระดับของสินค้าคงเหลือ สินทรัพย์ถาวร รวมถึง การปรับปรุงที่ดิน (รั้ว คูคลอง ท่อระบายน้ำ และอื่น ๆ) การซื้ออาคาร เครื่องจักร และอุปกรณ์เครื่องมือต่าง ๆ รวมทั้งการก่อสร้างถนน ทางรถไฟ และสิ่งอื่นที่คล้ายกัน และโรงเรียน ออฟฟิศ โรงพยาบาล อาคารบ้านเรือนที่เป็นที่พักอาศัยส่วนตัว และอาคารเชิงพาณิชย์และเชิงอุตสาหกรรมด้วย สินค้าคงเหลือ คือ สินค้าคงคลังที่เป็นของบริษัทใด ๆ มีไว้เพื่อตองสนองต่อความผันผวนชั่วคราวหรือความไม่แน่นอนในการผลิตหรือการขาย และ “งานระหว่างกระบวนการ"" ตามคำจำกัดความของ SNA ปี 1993 การซื้อกิจการสุทธิในทรัพย์สินใด ๆ ถือเป็นการสะสมทุนเบื้องต้นด้วยเช่นกัน","ข้อมูลบัญชีประชาชาติของธนาคารโลก และไฟล์ข้อมูลบัญชีประชาชาติขององค์การเพื่อความร่วมมือทางเศรษฐกิจและการพัฒนา (OECD)",
"NE.EXP.GNFS.ZS","การส่งออกสินค้าและบริการ (คิดเป็น % ของจีดีพี)","การส่งออกสินค้าและบริการ แสดงถึง มูลค่าของสินค้าและบริการการตลาดอื่น ๆ ทั้งหมดที่ส่งออกไปทั่วโลก การส่งออกสินค้าและบริการ รวมถึง มูลค่าของสินค้า การระวางสินค้า การประกัน การขนส่ง การเดินทาง ลิขสิทธิ์ ค่าธรรมเนียมใบอนุญาต และการบริการอื่น ๆ เช่น การบริการด้านการสื่อสาร การก่อสร้าง การเงิน ข้อมูล ธุรกิจ ส่วนบุคคล และการบริการภาครัฐ แต่ไม่รวมถึงค่าตอบแทนพนักงานและรายได้การลงทุน (เดิมเรียกว่า การบริการที่เป็นองค์ประกอบ) และการโอนเงิน","ข้อมูลบัญชีประชาชาติของธนาคารโลก และไฟล์ข้อมูลบัญชีประชาชาติขององค์การเพื่อความร่วมมือทางเศรษฐกิจและการพัฒนา (OECD)",
"MS.MIL.XPND.GD.ZS","ค่าใช้จ่ายทางทหาร (คิดเป็น % ของจีดีพี)","ข้อมูลค่าใช้จ่ายทางทหารจาก SIPRI ได้มาจากคำจำกัดความของ NATO ซึ่งรวมถึงค่าใช้จ่ายประจำและค่าใช้จ่ายการลงทุนของกองทัพ ทั้งกองกำลังรักษาสันติภาพ กระทรวงกลาโหม และหน่วยงานของรัฐบาลอื่น ๆ ที่เกี่ยวข้องกับการป้องกันประเทศต่าง ๆ และยังรวมถึงกองกำลังรบกึ่งทหาร หากกองกำลังเหล่านี้จำเป็นต้องมีการฝึกฝนและต้องมีติดการอาวุธเพื่อการปฏิบัติการทางทหาร และยังรวมถึงกิจการทางทหารในพื้นที่ด้วย ค่าใช้จ่ายต่าง ๆ ดังกล่าวเหล่านี้ครอบคลุมถึงบุคลากรที่เป็นทหารและพลเรือน ซึ่งรวมถึงเงินบำนาญเกษียณของบุคลากรทหารและบริการสังคมของฝ่ายบุคคล การปฏิบัติการและการบำรุงรักษา การจัดซื้อจัดจ้าง การวิจัยและพัฒนาทางทหาร การให้ความช่วยเหลือทางทหาร (ในค่าใช้จ่ายทางทหารสำหรับประเทศผู้บริจาค) โดยไม่รวมถึง การป้องกันพลเรือนและค่าใช้จ่ายที่เป็นรายจ่ายประจำสำหรับกิจกรรมทางทหารที่ผ่านไปแล้ว เช่น ผลประโยชน์ของทหารผ่านศึก การปลดประจำการ คอนเวอร์ชั่น และการทำลายล้างอาวุธ อย่างไรก็ตาม คำนิยามนี้จะใช้กับทุกประเทศไม่ได้ เนื่องจากจะต้องใช้ข้อมูลที่มีรายละเอียดมากกว่าที่มีอยู่นี้ ว่างบประมาณทางทหารและรายการค่าใช้จ่ายทางทหารนอกงบประมาณจะครอบคลุมรายการใดบ้าง (เช่น งบประมาณทางทหารอาจจะหรืออาจจะไม่ครอบคลุมการป้องกันพลเรือน กองกำลังสำรองและกองกำลังเสริม กองกำลังตำรวจและกองกำลังรบกึ่งทหาร กองกำลังที่มีวัตถุประสงค์สองอย่าง เช่น ตำรวจพลเรือนและตำรวจทหาร เงินอุดหนุนสำหรับทหาร เงินบำนาญสำหรับบุคลากรทางทหาร และเงินสมทบประกันสังคมที่รัฐบาลให้การสนับสนุนส่วนหนึ่ง","สมุดสถิติประจำปีของสถาบันวิจัยสันติภาพระหว่างประเทศสต็อกโฮล์ม (SIPRI): กองทัพ อาวุธ และความมั่นคงระหว่างประเทศ",
"IT.CEL.SETS.P2","การเป็นสมาชิกเครือข่ายโทรศัพท์มือถือ (ต่อ 100 คน)","การเป็นสมาชิกเครือข่ายโทรศัพท์มือถือ คือ การเป็นสมาชิกเครือข่ายบริการโทรศัพท์มือถือสาธารณะที่ใช้เทคโนโลยีโทรศัพท์เคลื่อนที่แบบรังผึ้ง ซึ่งให้การเข้าถึงโครงข่ายโทรศัพท์สาธารณะ โดยการเป็นสมาชิกเครือข่ายโทรศัพท์มือถือมีทั้งแบบเติมเงินและแบบรายเดือน","สหภาพโทรคมนาคมระหว่างประเทศ รายงานและฐานข้อมูลการสื่อสารโลก/การพัฒนา ICT และการประมาณการของธนาคารโลก",
"IC.REG.DURS","เวลาที่ใช้ในการเริ่มต้นธุรกิจ (วัน)","เวลาที่ใช้ในการเริ่มต้นธุรกิจ คือ จำนวนวันในปฏิทินที่ใช้ในขั้นตอนต่าง ๆ ให้เสร็จสมบูรณ์ เพื่อให้สามารถเริ่มดำเนินการธุรกิจได้ หากสามารถเร่งรัดขั้นตอนใด ๆ ได้โดยแลกกับการมีค่าใช้จ่ายเพิ่มเติม มักมีการเลือกขั้นตอนที่เร็วที่สุดโดยมีค่าใช้จ่ายอิสระเกิดขึ้น","โครงการ Doing Business ของธนาคารโลก (http://www.doingbusiness.org/)",
"IC.BUS.EASE.XQ","ดัชนีความยากง่ายในการดำเนินธุรกิจ (1 = กฎระเบียบที่เอื้อต่อการทำธุรกิจที่สุด)","ความยากง่ายในการดำเนินธุรกิจจัดลำดับให้กับแต่ละประเทศตั้งแต่ 1 ถึง 185 โดยประเทศที่ได้ที่หนึ่งเป็นอันดับที่ดีที่สุด ตำแหน่งสูง (อันดับที่มีตัวเลขต่ำ) หมายความว่าสภาพแวดล้อมด้านกฎระเบียบเอื้อต่อการดำเนินธุรกิจ ดัชนีนี้เป็นการหาค่าเฉลี่ยของอันดับเปอร์เซนต์ไทล์ของประเทศใน 10 หัวข้อหลักในการดำเนินธุรกิจของธนาคารโลก อันดับในแต่ละหัวข้อเป็นค่าเฉลี่ยอันดับเปอร์เซนต์ไทล์ของตัวชี้วัดองค์ประกอบต่าง ๆ","โครงการ Doing Business ของธนาคารโลก (http://www.doingbusiness.org/)",
"GC.REV.XGRT.GD.ZS","รายได้ ไม่รวมเงินอุดหนุน (คิดเป็น % ของจีดีพี)","รายได้ คือ การรับเงินสดจากภาษี การตอบแทนสังคมต่าง ๆ และรายได้อื่น ๆ เช่น ค่าปรับ ค่าธรรมเนียม และรายได้จากทรัพย์สินหรือการขายต่าง ๆ เงินอุดหนุนถือเป็นรายได้ชนิดหนึ่งแต่ไม่นับรวมในที่นี้","กองทุนการเงินระหว่างประเทศ สมุดสถิติประจำปีด้านการเงินของรัฐบาลและไฟล์ข้อมูล และการคาดการณ์ค่าจีดีพีของธนาคารโลกและ OECD",
"GC.DOD.TOTL.GD.ZS","หนี้ของรัฐบาลกลางทั้งหมด (คิดเป็น % ของจีดีพี)","หนี้ คือ ทุนทั้งหมดของสัญญาผูกพันของรัฐบาลโดยตรงต่อผู้อื่นที่มีระยะเวลากำหนดไว้ โดยรวมถึงหนี้สินในประเทศและต่างประเทศ เช่น การฝากเงินและสกุลเงิน ตราสารอื่น ๆ ที่ไม่ใช่หุ้น และเงินกู้ยืม หนี้เป็นจำนวนเงินขั้นต้นของหนี้สินของรัฐบาลที่หักลดด้วยจำนวนอนุพันธ์ทางการเงินและเงินทุนที่รัฐบาลมีอยู่ออกไปแล้ว เนื่องจากหนี้ถือเป็นการสะสมไว้มากกว่าที่จะเป็นกระแสการไหลเวียน ดังนั้นหนี้จึงถูกวัด ณ วันที่ได้รับ ซึ่งปกติแล้วมักจะเป็นวันสุดท้ายของปีงบประมาณ","กองทุนการเงินระหว่างประเทศ สมุดสถิติประจำปีด้านการเงินของรัฐบาลและไฟล์ข้อมูล และการคาดการณ์ค่าจีดีพีของธนาคารโลกและ OECD",
"GB.XPD.RSDV.GD.ZS","ค่าใช้จ่ายในการวิจัยและพัฒนา (คิดเป็น % ของจีดีพี)","ค่าใช้จ่ายในการวิจัยและพัฒนา คือ รายจ่ายประจำและรายจ่ายเกี่ยวกับการลงทุน (ทั้งภาครัฐและเอกชน) สำหรับการทำงานสร้างสรรค์ในการดำเนินการอย่างเป็นระบบเพื่อเพิ่มความรู้ ซึ่งรวมถึง ความรู้ด้านมนุษยศาสตร์ วัฒนธรรม และสังคม และการใช้ความรู้เพื่อการปฏิบัติงานใหม่ ๆ การวิจัยและพัฒนานี้ครอบคลุมถึงการทำวิจัยขั้นพื้นฐาน การวิจัยประยุกต์ และการพัฒนา","สถาบันสถิติแห่งองค์การศึกษา วิทยาศาสตร์ และวัฒนธรรมแห่งสหประชาติ (ยูเนสโก) ",
"FP.CPI.TOTL.ZG","เงินเฟ้อและราคาผู้บริโภค (% ต่อปี)","เงินเฟ้อตามที่วัดได้จากราคาผู้บริโภคสะท้อนให้เห็นถึงอัตราการเปลี่ยนแปลงประจำปีของค่าใช้จ่ายในการซื้อสินค้าและบริการเฉลี่ยของผู้บริโภค ที่อาจคงที่หรือเปลี่ยนแปลงในช่วงเวลาที่ระบุไว้ เช่น ทุก ๆ ปี โดยทั่วไปจะใช้สูตรของลาสแปร์ในการคำนวณ","ไฟล์ข้อมูลและสถิติการเงินระหว่างประเทศของกองทุนการเงินระหว่างประเทศ",
"ER.H2O.FWTL.ZS","การตักตวงน้ำจืดประจำปีทั้งหมด (คิดเป็น % ของทรัพยากรภายในของระบบ)","การตักตวงน้ำจืดประจำปีทั้งหมด หมายถึง จำนวนการตักตวงน้ำทั้งหมด ซึ่งไม่รวมถึงการสูญเสียจากการระเหยและจากอ่างเก็บน้ำ การตักตวงน้ำนี้ยังรวมถึงน้ำจากโรงกลั่นในหลายประเทศที่เป็นแหล่งสำคัญ การตักตวงน้ำนี้สามารถมีค่าเกิน 100 เปอร์เซนต์ของแหล่งทรัพยากรหมุนเวียนทั้งหมดได้ ต่อเมื่อมีการสกัดน้ำจากชั้นหินอุ้มน้ำหรือพืชน้ำที่ไม่สามารถทดแทนได้เป็นอย่างมาก หรือเมื่อมีการนำน้ำกลับมาใช้ใหม่อย่างมีนัยสำคัญ การตักตวงน้ำเพื่อการเกษตรหรืออุตสาหกรรม คือ การตักตวงน้ำเพื่อการชลประทานและการทำปศุสัตว์ และเพื่อการใช้งานในอุตสาหกรรมโดยตรง (ซึ่งรวมถึงการตักตวงน้ำเพื่อใช้สำหรับทำความเย็นให้กับโรงงานเทอร์โมอิเล็กตริก การตักตวงน้ำเพื่อใช้ในประเทศ รวมถึง น้ำดื่ม การใช้หรือการจัดหาน้ำในท้องถิ่น และการใช้น้ำเพื่อการบริการสาธารณะ สถานประกอบการค้าและที่อยู่อาศัย ข้อมูลปีล่าสุดคือปี 1987 - 2002","ข้อมูล AQUASTAT ขององค์การอาหารและเกษตรแห่งสหประชาชาติ",
"EN.ATM.CO2E.PC","การปล่อย CO2 (เมตริกตันต่อหัว)","การปล่อยก๊าซคาร์บอนไดออกไซด์ คือ สิ่งที่เกิดจากการเผาไหม้ของเชื้อเพลิงฟอสซิลและการผลิตปูนซีเมนต์ ซึ่งรวมถึงก๊าซคาร์บอนไดออกไซด์ที่ผลิตออกมาในระหว่างการใช้เชื้อเพลิงแข็ง เชื้อเพลิงเหลว และเชื้อเพลิงที่เป็นก๊าซ และการเผาไหม้ด้วย","ศูนย์วิเคราะห์ข้อมูลคาร์บอนไดออกไซด์ กองวิทยาศาสตร์สิ่งแวดล้อม Oak Ridge ห้องปฏิบัติการแห่งชาติ เทสเนสซี สหรัฐฯ",
"EG.USE.PCAP.KG.OE","การใช้พลังงาน (กก. เทียบเท่าน้ำมันต่อหัว)","การใช้พลังงาน หมายถึง การใช้พลังงานหลักก่อนที่จะแปลงรูปเป็นเชื้อเพลิงเพื่อการใช้งานรูปแบบอื่น ๆ  ซึ่งเท่ากับการผลิตในประเทศ บวกกับการนำเข้าและการเปลี่ยนแปลงสต็อก ลบด้วยที่ส่งออกและเชื้อเพลิงที่จ่ายให้กับเรือและเครื่องบินที่เกี่ยวข้องกับการขนส่งระหว่างประเทศ","องค์การพลังงานระหว่างประเทศ (สถิติ IEA © OECD/IEA, http://www.iea.org/stats/index.asp)",
"EG.USE.ELEC.KH.PC","การใช้พลังงานไฟฟ้า (กิโลวัตต์ชั่วโมงต่อหัว)","การใช้พลังงานไฟฟ้าเป็นการวัดการผลิตของโรงงานไฟฟ้าและความร้อนร่วม และการส่ง การแจกจ่าย และการสูญเสียในระหว่างการเปลี่ยนแปลงของไฟฟ้าที่โรงงานไฟฟ้าใช้ในโรงงานไฟฟ้าและความร้อน","องค์การพลังงานระหว่างประเทศ (สถิติ IEA © OECD/IEA, http://www.iea.org/stats/index.asp) สถิติและดุลพลังงานของประเทศนอกกลุ่มองค์การเพื่อความร่วมมือทางเศรษฐกิจและการพัฒนา (OECD) และสถิติพลังงานของประเทศในกลุ่มองค์การเพื่อความร่วมมือทางเศรษฐกิจและการพัฒนา",
"DT.TDS.DECT.EX.ZS","หนี้ที่ต้องชำระทั้งหมด (คิดเป็น % ของการส่งออกสินค้า บริการและรายได้หลัก)","หนี้ที่ต้องชำระทั้งหมด คือ ผลรวมของการชำระคืนเงินต้นและดอกเบี้ยที่ได้ชำระไปแล้วเป็นสกุลเงินต่างประเทศ สินค้า หรือบริการ ในหนี้ระยะยาว ดอกเบี้ยที่ชำระให้กับหนี้ระยะสั้น และการชำระเงินคืน (ซื้อคืนและค่าบริการ) ให้กับไอเอ็มเอฟ","ข้อมูลสถิติหนี้ระหว่างประเทศของธนาคารโลก",
"DT.ODA.ODAT.CD","ความช่วยเหลือเพื่อการพัฒนาอย่างเป็นทางการที่ได้รับสุทธิ (เป็น US$ ปัจจุบัน)","ความช่วยเหลือเพื่อการพัฒนาอย่างเป็นทางการสุทธิ (ODA) ประกอบด้วย การเบิกจ่ายเงินกู้ที่ทำตามข้อตกลงที่มีร่วมกัน (การชำระคืนเงินต้นสุทธิ) และเงินอุดหนุนจากหน่วยงานรัฐบาลของสมาชิกกรรมการความช่วยเหลือเพื่อการพัฒนา (DAC) โดยสถาบันพหุภาคี และโดยประเทศที่ไม่ได้เป็นสมาชิก DAC เพื่อสนับสนุนการพัฒนาทางเศรษฐกิจและสวัสดิการในประเทศและดินแดนใน DAC ของผู้รับ ODA โดยความช่วยเหลือเพื่อการพัฒนาอย่างเป็นทางการสุทธินี้ยังรวมถึงเงินกู้ที่มีเงินอุดหนุนจากภาครัฐอย่างน้อย 25 เปอร์เซนต์ (โดยคำนวณจากอัตราคิดที่ลดร้อยละ 10) ข้อมูลเหล่านี้แสดงเป็นหน่วยเงินยูเอสดอลล่าร์ปัจจุบัน","คณะกรรมการช่วยเหลือเพื่อการพัฒนาแห่งองค์การเพื่อความร่วมมือทางเศรษฐกิจและการพัฒนา การกระจายตัวทางเขตภูมิรัฐศาสตร์ของกระแสการเงินสู่ประเทศกำลังพัฒนา รายงานความร่วมมือกันเพื่อการพัฒนา และฐานข้อมูลสถิติระหว่างประเทศ มีข้อมูลออนไลน์อยู่ที่ : www.oecd.org/dac/stats/idsonline",
"DT.DOD.DECT.CD","หุ้นหนี้ต่างประเทศ ทั้งหมด (DOD US$ ปัจจุบัน)","หุ้นหนี้ต่างประเทศทั้งหมด คือ หนี้ที่มีกำหนดชำระคืนเป็นสกุลเงินต่างประเทศ สินค้า หรือบริการให้แก่ผู้ที่ไม่ได้พักอาศัยอยู่ในประเทศนั้น ๆ หุ้นหนี้ต่างประเทศทั้งหมดเป็นผลรวมของหนี้ระยะยาวของเอกชนที่ไม่มีการรับประกัน หนี้สาธารณะที่มีการรับประกัน การใช้เครดิตไอเอ็มเอฟ และหนี้ระยะสั้น หนี้ระยะสั้นรวมถึงหนี้ทั้งหมดที่มีวันครบกำหนดไถ่ถอนเดิมเท่ากับหรือน้อยกว่าหนึ่งปี และมีดอกเบี้ยคงค้างในหนี้ระยะยาว ข้อมูลเหล่านี้แสดงเป็นหน่วยเงินยูเอสดอลล่าร์ปัจจุบัน","ข้อมูลสถิติหนี้ระหว่างประเทศของธนาคารโลก",
"CM.MKT.LCAP.GD.ZS","มูลค่าหลักทรัพย์ตามราคาตลาดของบริษัทจดทะเบียน (คิดเป็น % ของจีดีพี)","มูลค่าหลักทรัพย์ตามราคาตลาด (หรือเรียกว่า ราคาตลาด) คือ ราคาหุ้นคูณจำนวนหุ้นที่ถืออยู่ในมือ บริษัทที่จดทะเบียนภายในประเทศ คือ บริษัทที่จดทะเบียนในตลาดหลักทรัพย์ประเทศนั้น ๆ ในช่วงปลายปี บริษัทที่จดทะเบียนเหล่านี้ไม่รวมถึงบริษัทจัดการการลงทุน กองทุนรวม หรือการลงทุนประเภทอื่น ๆ ","ข้อมูลสถิติสำคัญด้านตลาดหุ้นทั่วโลกของบริษัทจัดอันดับความน่าเชื่อถือทางการเงินสแตนดาร์ดแอนด์พัวร์ส (S&P) และข้อมูลเพิ่มเติมของ S&P",
"BX.TRF.PWKR.CD.DT","การโอนเงินส่วนบุคคล ที่ได้รับ (เป็น US$ ปัจจุบัน)","การโอนเงินส่วนบุคคล ได้แก่ การโอนเงินแบบส่วนตัวและค่าตอบแทนของพนักงาน การโอนเงินแบบส่วนตัวนั้นประกอบไปด้วยการโอนเงินหมุนเวียนทั้งหมดในรูปแบบเงินสดและในรูปแบบเดิมหรือตามได้รับมาจากบุคคลหนึ่งเป็นส่วนตัว ให้แก่หรือได้รับจากอีกบุคคลหนึ่งเป็นการส่วนตัว ดังนั้น การโอนเงินแบบส่วนตัวนี้จึงรวมถึงการโอนเงินทั้งหมดระหว่างตัวบุคคลที่เป็นผู้พักอาศัยในท้องถิ่นนั้น ๆ และผู้ที่ไม่ได้มีถิ่นที่อยู่ ณ ที่นั้น ๆ ค่าตอบแทนของพนักงาน หมายถึง รายได้ของแรงงานต่างด้าว แรงงานชั่วคราวตามฤดูกาล และแรงงานระยะสั้นอื่น ๆ ที่ถูกจ้างงานในประเทศที่ไม่ได้เป็นถิ่นที่อยู่ของตนเอง และถูกจ้างให้ทำงานให้แก่หน่วยงานหรือบริษัทที่ไม่มีถิ่นที่อยู่ในประเทศนั้น ๆ ข้อมูลนี้เป็นผลรวมของสองรายการที่ถูกนิยามไว้ในคู่มือดุลการชำระเงินของไอเอ็มเอฟ: การโอนเงินส่วนบุคคลและค่าตอบแทนของพนักงาน ฉบับตีพิมพ์ครั้งที่หก ข้อมูลเหล่านี้แสดงเป็นหน่วยเงินยูเอสดอลล่าร์ปัจจุบัน","การประเมินของเจ้าหน้าที่ธนาคารโลกจากข้อมูลดุลการชำระเงินของ IMF",
"BX.KLT.DINV.CD.WD","การลงทุนโดยตรงระหว่างต่างประเทศ  ไหลเข้าสุทธิ (ดุลการชำระเงิน US$ ปัจจุบัน)","การลงทุนโดยตรงระหว่างต่างประเทศ คือ เงินลงทุนสุทธิที่ไหลเข้ามาเพราะความสนใจในการบริหารจัดการที่ยั่งยืน (10 เปอร์เซนต์หรือมากกว่าของหุ้นที่ให้สิทธิ์ออกเสียง) ในการดำเนินงานของบริษัท ในประเทศที่ไม่ใช่ประเทศที่ตั้งเดิมของบริษัท การลงทุนแบบนี้เป็นผลรวมของเงินทุนของเจ้าของ การลงทุนใหม่โดยใช้ผลตอบแทนที่ได้มา เงินทุนระยะยาวอื่น ๆ และเงินทุนระยะสั้น ตามที่ปรากฎอยู่ในดุลการชำระเงิน อันดับนี้แสดงการไหลเข้าของเงินทุนสุทธิ (การไหลเข้าของการลงทุนใหม่น้อยกว่าการลดระดับการลงทุน) ในระบบเศรษฐกิจที่มีการรายงานไว้จากนักลงทุนต่างประเทศ ข้อมูลเหล่านี้แสดงเป็นหน่วยเงินยูเอสดอลล่าร์ปัจจุบัน","ฐานข้อมูลดุลการชำระเงินของกองทุนการเงินระหว่างประเทศ ผนวกกับข้อมูลจากการประชุมสหประชาชาติว่าด้วยการค้าและการพัฒนา และแหล่งข้อมูลระดับประเทศที่เป็นทางการ",
"AG.SRF.TOTL.K2","พื้นที่หน้าดิน (ตร.กม.)","ดินแดน คือ พื้นที่ทั้งหมดของประเทศ รวมถึงพื้นที่ทะเลที่อยู่ภายในประเทศและทางน้ำตามชายฝั่งด้วย","ไฟล์อิเล็กทรอนิกส์และเว็บไซต์ขององค์การอาหารและเกษตรแห่งสหประชาชาติ",
"AG.LND.FRST.K2","พื้นที่ป่าไม้ (ตร.กม.)","พื้นที่ป่าไม้ คือ ที่ดินที่มีการปลูกต้นไม้ยืนต้นหรือมีไม้ยืนต้นตามธรรมชาติ ที่มีความสูงของต้นไม้อย่างน้อย 5 เมตร ณ ที่เดิม ไม่ว่าจะอุดมสมบูรณ์หรือไม่ และไม่นับรวมต้นไม้ที่อยู่ในระบบการผลิตทางการเกษตร (เช่น สวนผลไม้และระบบวนเกษตร) และต้นไม้ในสวนสาธารณะและสวนหย่อม","ไฟล์อิเล็กทรอนิกส์และเว็บไซต์ขององค์การอาหารและเกษตรแห่งสหประชาชาติ",
"AG.LND.AGRI.ZS","ที่ดินเพื่อเกษตรกรรม (คิดเป็น % ของที่ดิน)","ที่ดินเพื่อเกษตรกรรม หมายถึง ส่วนของพื้นที่ดินที่มีการเพาะปลูกพืชยืนต้น หรือเป็นทุ่งหญ้าเลี้ยงสัตว์ขนาดใหญ่ พื้นที่สำหรับการเพาะปลูกนี้รวมถึงที่ดินที่ถูกกำหนดโดย FAO ให้เป็นที่ดินที่มีการปลูกพืชแบบชั่วคราว (โดยนับการปลูกพืชสองชนิดบนพื้นที่เดียวกันเป็นชนิดเดียว) รวมถึงทุ่งหญ้าชั่วคราวเพื่อการตัดหญ้าหรือเพื่อเลี้ยงสัตว์ และที่ดินในตลาดหรือสวนครัว และที่ดินที่ถูกปล่อยพักหน้าดินไว้ชั่วคราวด้วย ที่ดินที่ถูกทิ้งร้างไว้อันเป็นผลเนื่องมาจากการทำไร่เลื่อนลอยนั้นไม่นับเป็นที่ดินเพื่อเกษตรกรรม ที่ดินที่มีการเพาะปลูกพืชยืนต้น คือ ที่ดินที่มีการเพาะปลูกพืชที่จะใช้หน้าดินนั้นเป็นระยะเวลานานและไม่ต้องได้รับการปลูกใหม่หลังจากการเก็บเกี่ยวแต่ละครั้ง เช่น โกโก้ กาแฟ และยาง ที่ดินประเภทนี้รวมถึงที่ดินที่มีการเพาะปลูกพุ่มดอกไม้ ผลไม้ ต้นถั่ว และเถาวัลย์ แต่ไม่รวมถึงที่ดินที่ปลูกไม้เนื้อแข็งหรือไม้ซุงไว้ ทุ่งหญ้าเลี้ยงสัตว์ขนาดใหญ่ คือ ที่ดินที่ใช้ปลูกหญ้าที่เป็นอาหารสัตว์ พืชธรรมชาติหรือพืชที่มีอายุเพียงฤดูเดียวมาเป็นเวลาห้าปีหรือมากกว่าขึ้นไป","ไฟล์อิเล็กทรอนิกส์และเว็บไซต์ขององค์การอาหารและเกษตรแห่งสหประชาชาติ",
